"Dish Name","States (Commonly Found In)","Area Type (Rural/Urban/Both)","Diet Type","Income Range (Commonly Consumed By)","Cuisine Type","Known Allergens"
"Hot tea (Garam Chai)","All Indian States and UTs","both","Vegetarian","<1L;1-3L;3-6L;>6L","North Indian;South Indian;West Indian; East/North-East Indian","Diary"
"Instant coffee","Tamil Nadu;Karnataka;Kerala;Delhi;Maharashtra","urban","Vegetarian","3-6L;>6L","Western (Global)",""
"Espreso coffee","Delhi;Mumbai;Bengaluru;Hyderabad;Pune","urban","Vegetarian","3-6L;>6L","Western (Global)",""
"Iced tea","Delhi;Mumbai;Bengaluru;Kolkata;Hyderabad","urban","Vegetarian","3-6L;>6L","Western (Global)",""
"Raw mango drink (Aam panna)","Maharashtra;Gujarat;Rajasthan;Uttar Pradesh;Madhya Pradesh","both","Vegetarian","<1L;1-3L;3-6L","North Indian",""
"Fruit Punch (with fresh juices)","Delhi;Mumbai;Pune;Bengaluru;Goa","urban","Vegetarian","3-6L;>6L","Western (Global)",""
"Fruit Punch (with squashes)","Delhi;Maharashtra;Karnataka;Goa;Tamil Nadu","urban","Vegetarian","3-6L;>6L","Western (Global)",""
"Lemonade","All Indian States and UTs","both","Vegetarian","<1L;1-3L;3-6L;>6L","Western (Global)",""
"Lem-o-gin","Delhi;Mumbai;Goa;Bengaluru;Hyderabad","urban","Vegetarian",">6L","Western (Global)",""
"Cumin infused water (Jeere/Zeere ka pani)","Rajasthan;Gujarat;Madhya Pradesh;Uttar Pradesh;Maharashtra","rural","Vegetarian","<1L;1-3L","Western (Global)",""
"Coco pine cooler","Goa;Kerala;Maharashtra;Tamil Nadu;Karnataka","urban","Vegetarian","3-6L;>6L","Western (Global)",""
"Summer cooler","All Indian States and UTs","both","Vegetarian","1-3L;3-6L","Western (Global)",""
"Hot cocoa","Delhi;Mumbai;Bengaluru;Hyderabad;Pune","urban","Vegetarian","3-6L;>6L","Western (Global)",""
"Cold coffee with ice cream","Delhi;Mumbai;Pune;Bengaluru;Hyderabad","urban","Vegetarian","3-6L;>6L","Western (Global)","Dairy"
"Banana milkshake (Kele milkshake)","All Indian States and UTs","both","Vegetarian","1-3L;3-6L","Western (Global)","Dairy"
"Mango milkshake (Aam milkshake)","All Indian States and UTs","both","Vegetarian","1-3L;3-6L","Western (Global)","Dairy"
"Pineapple milkshake (Ananas milkshake)","Kerala;Goa;Tamil Nadu;Karnataka;Maharashtra","both","Vegetarian","1-3L;3-6L","Western (Global)","Dairy"
"Orange milkshake (Narangi milkshake)","Maharashtra;Gujarat;Delhi;Tamil Nadu;Karnataka","urban","Vegetarian","3-6L","Western (Global)","Dairy"
"Egg nog","Delhi;Mumbai;Goa;Kolkata;Pune","urban","Eggitarian","3-6L;>6L","Western (Global)","Egg"
"Sweet Lassi (Meethi lassi)","Punjab;Haryana;Delhi;Uttar Pradesh;Rajasthan","both","Vegetarian","1-3L;3-6L","North Indian","Dairy"
"Lassi (salted)","Punjab;Haryana;Uttar Pradesh;Rajasthan;Madhya Pradesh","both","Vegetarian","1-3L;3-6L","North Indian","Dairy"
"Cheese and chilli sandwich ","Delhi;Mumbai;Bengaluru;Hyderabad;Chandigarh","urban","Vegetarian","3-6L;>6L","Asian (Global)","Dairy"
"Egg sandwich (Ande ka sandwich)","Delhi;Kolkata;Hyderabad;Mumbai;Pune","urban","Eggitarian","3-6L;>6L","Western (Global)","Egg"
"Cucumber sandwich (Kheere ka sandwich)","Delhi;Mumbai;Bengaluru;Kolkata;Pune","urban","Vegetarian","3-6L;>6L","North Indian",""
"Cheese and pineapple sandwich (Cheese aur ananas ka sandwich)","Delhi;Mumbai;Goa;Pune;Hyderabad","urban","Vegetarian","3-6L;>6L","Western (Global)","Dairy"
"Cheese and tomato sandwich (Cheese aur tamatar ke sandwich)","Delhi;Mumbai;Bengaluru;Hyderabad;Kolkata","urban","Vegetarian","3-6L;>6L","Western (Global)","Dairy"
"Chicken sandwich","Punjab;Delhi;Mumbai;Hyderabad;Kolkata","urban","Non-Vegetarian","3-6L;>6L","Western (Global)",""
"Peanut and tomato sandwich (Moongfali aur tamatar ka sandwich)","Maharashtra;Madhya Pradesh;Gujarat;Uttar Pradesh;Rajasthan","both","Vegetarian","1-3L;3-6L","Western (Global)","Nuts/Peanut"
"Rainbow sandwich","Delhi;Mumbai;Bengaluru;Hyderabad;Pune","urban","Vegetarian","3-6L;>6L","Western (Global)",""
"Club sandwich ","Delhi;Mumbai;Hyderabad;Kolkata;Pune","urban","Non-Vegetarian","3-6L;>6L","Western (Global)",""
"Vegetarian club sandwich","Delhi;Mumbai;Bengaluru;Hyderabad;Chandigarh","urban","Vegetarian","3-6L;>6L","Western (Global)",""
"Pin wheel sandwich","Delhi;Mumbai;Bengaluru;Pune;Kolkata","urban","Vegetarian","3-6L;>6L","Western (Global)",""
"Carrot apple sandwich (Gajar aur seb ka sandwich)","Maharashtra;Delhi;Karnataka;Tamil Nadu;Gujarat","urban","Vegetarian","3-6L","Western (Global)",""
"Salami sandwich","Delhi;Mumbai;Goa;Hyderabad;Kolkata","urban","Non-Vegetarian","3-6L;>6L","Western (Global)",""
"Vegetable and mayonnaise sandwich","Delhi;Mumbai;Pune;Hyderabad;Kolkata","urban","Vegetarian","3-6L;>6L","Western (Global)",""
"Egg and tomato sandwich (Ande aur tamatar ka sandwich)","Delhi;Kolkata;Hyderabad;Pune;Chennai","urban","Eggitarian","3-6L;>6L","Western (Global)","Egg"
"Sweet open sandwich","Delhi;Mumbai;Pune;Kolkata;Bengaluru","urban","Vegetarian","3-6L","None","Western (Global)",""
"Mushroom and cheese sandwich (toasted)","Delhi;Mumbai;Bengaluru;Pune;Hyderabad","urban","Vegetarian","3-6L;>6L","None","Western (Global)","Dairy"
"Cheese and tomato sandwich (toasted) (Cheese aur tamatar ke sandwich (toasted))","Delhi;Mumbai;Bengaluru;Pune;Kolkata","urban","Vegetarian","3-6L;>6L","None","Western (Global)","Dairy"
"Pea potato sandwich (toasted) (Matar aloo ka sandwich)","Punjab;Delhi;Uttar Pradesh;Haryana;Rajasthan","both","Vegetarian","1-3L;3-6L","None","North Indian",""
"Paneer pea sandwich (toasted) (Paneer matar ka sandwich)","Punjab;Haryana;Delhi;Uttar Pradesh;Rajasthan","both","Vegetarian","1-3L;3-6L","None","North Indian","Dairy"
"Chicken sandwich (toasted)","Delhi;Mumbai;Hyderabad;Kolkata;Goa","urban","Non-Vegetarian","3-6L;>6L","None","Western (Global)",""
"Pea keema sandwich (toasted) (Matar aur keema ka sandwich)","Punjab;Delhi;Haryana;Uttar Pradesh;Maharashtra","both","Non-Vegetarian","3-6L","None","Western (Global)",""
"Classic club sandwich","Delhi;Mumbai;Hyderabad;Kolkata;Pune","urban","Non-Vegetarian","3-6L;>6L","None","North Indian","Dairy"
"Sesame toast","Delhi;Mumbai;Kolkata;Hyderabad;Bengaluru","urban","Vegetarian","3-6L","None","Western (Global)",""
"Cracked wheat porridge (Meetha daliya)","Rajasthan;Madhya Pradesh;Uttar Pradesh;Haryana;Punjab","rural","Vegetarian","<1L;1-3L","None","North Indian","Gluten/Wheat"
"Semolina porridge (Suji/Rava daliya)","All Indian States and UTs","both","Vegetarian","1-3L;3-6L","None","North Indian","Gluten/Wheat"
"Oatmeal Porridge","Delhi;Mumbai;Bengaluru;Hyderabad;Pune","urban","Vegetarian","3-6L;>6L","None","Western (Global)",""
"Cornflakes with milk","All Indian States and UTs","urban","Vegetarian","3-6L;>6L","None","Western (Global)",""
"Rice flakes (Chiwda/Aval)","Maharashtra;Tamil Nadu;Andhra Pradesh;Karnataka;Odisha","both","Vegetarian","1-3L;3-6L","None","South Indian",""
"Wheat flakes","Delhi;Mumbai;Kolkata;Hyderabad;Pune","urban","Vegetarian","3-6L;>6L","None","Western (Global)","Gluten/Wheat"
"Murmura (Puffed rice)","All Indian States and UTs","both","Vegetarian","<1L;1-3L;3-6L","None","North Indian;South Indian",""
"Puffed wheat (Murmure/Moori)","All Indian States and UTs","both","Vegetarian","<1L;1-3L","None","North Indian;South Indian","Gluten/Wheat"
"Boiled egg (Ubla anda)","All Indian States and UTs","both","Eggitarian","1-3L;3-6L","None","Western (Global)","Egg"
"Fried Egg ","All Indian States and UTs","both","Eggitarian","1-3L;3-6L;>6L","None","Western (Global)","Egg"
"Poached egg","Delhi;Mumbai;Hyderabad;Kolkata;Pune","urban","Eggitarian","3-6L;>6L","None","Western (Global)","Egg"
"Scrambled egg (Ande ki bhurji)","Maharashtra;Delhi;Hyderabad;Karnataka;Uttar Pradesh","both","Eggitarian","1-3L;3-6L","None","Western (Global)","Egg"
"Baked egg ","Delhi;Mumbai;Pune;Goa;Kolkata","urban","Eggitarian","3-6L;>6L","None","Western (Global)","Egg"
"Plain omelette/omlet","All Indian States and UTs","both","Eggitarian","1-3L;3-6L","None","Western (Global)","Egg"
"Stuffed egg omelette/omlet","Delhi;Mumbai;Hyderabad;Kolkata;Pune","both","Eggitarian","3-6L","None","Western (Global)","Egg"
"Pancake","Delhi;Mumbai;Bengaluru;Pune;Kolkata","urban","Vegetarian","3-6L;>6L","None","Western (Global)","Gluten/Wheat"
"Keema pancake","Delhi;Mumbai;Hyderabad;Lucknow;Kolkata","urban","Non-Vegetarian","3-6L","None","North Indian","Gluten/Wheat"
"Vegetable pancake","Delhi;Mumbai;Bengaluru;Kolkata;Hyderabad","urban","Vegetarian","3-6L","None","Western (Global)","Gluten/Wheat"
"Jam and fruit pancake","Delhi;Mumbai;Pune;Kolkata;Bengaluru","urban","Vegetarian","3-6L;>6L","None","Western (Global)","Gluten/Wheat"
"Khoa and coconut pancake","Maharashtra;Goa;Tamil Nadu;Karnataka;Kerala","both","Vegetarian","1-3L;3-6L","None","South Indian","Gluten/Wheat"
"Brown stock","Delhi;Mumbai;Hyderabad;Kolkata;Chennai","urban","Non-Vegetarian","3-6L;>6L","None","Western (Global)",""
"Vegetable stock","Delhi;Mumbai;Bengaluru;Kolkata;Hyderabad","urban","Vegetarian","3-6L;>6L","None","Western (Global)",""
"Chicken stock","Delhi;Mumbai;Hyderabad;Kolkata;Pune","urban","Non-Vegetarian","3-6L;>6L","None","Western (Global)",""
"Clear tomato soup (Tamatar ka soup)","All Indian States and UTs","both","Vegetarian","1-3L;3-6L","None","Western (Global)",""
"Lentil soup","All Indian States and UTs","both","Vegetarian","1-3L;3-6L","None","Western (Global)",""
"Chicken consomme (Clear chicken soup)","Delhi;Mumbai;Hyderabad;Kolkata;Chennai","urban","Non-Vegetarian","3-6L;>6L","None","Western (Global)",""
"Cream of tomato soup","All Indian States and UTs","both","Vegetarian","3-6L;>6L","None","Western (Global)","Dairy"
"Cream of green peas soup","Delhi;Mumbai;Pune;Hyderabad;Bengaluru","urban","Vegetarian","3-6L","None","Western (Global)","Dairy"
"Cream of spinach soup","Delhi;Mumbai;Bengaluru;Kolkata;Pune","urban","Vegetarian","3-6L;>6L","None","Western (Global)","Dairy"
"Cream of mixed vegetable soup","Delhi;Mumbai;Hyderabad;Pune;Bengaluru","urban","Vegetarian","3-6L","None","Western (Global)","Dairy"
"Cream of mushroom soup","Delhi;Mumbai;Hyderabad;Pune;Kolkata","urban","Vegetarian","3-6L;>6L","None","Western (Global)","Dairy"
"Chicken sweet corn soup","All Indian States and UTs","urban","Non-Vegetarian","3-6L;>6L","None","Western (Global)",""
"Minestrone soup","Delhi;Mumbai;Pune;Hyderabad;Kolkata","urban","Vegetarian","3-6L;>6L","None","Western (Global)",""
"Egg drop soup","Delhi;Mumbai;Hyderabad;Kolkata;Pune","urban","Eggitarian","3-6L;>6L","None","Western (Global)","Egg"
"Chinese cabbage and meat ball soup","Delhi;Mumbai;Hyderabad;Kolkata;Pune","urban","Non-Vegetarian","3-6L;>6L","None","Asian (Global)",""
"French onion soup","Delhi;Mumbai;Pune;Kolkata;Hyderabad","urban","Vegetarian","3-6L;>6L","None","Western (Global)",""
"Hot and sour soup","All Indian States and UTs","urban","Vegetarian","3-6L;>6L","None","Western (Global)",""
"Talaumein soup","Delhi;Mumbai;Hyderabad;Kolkata;Pune","urban","Vegetarian","3-6L;>6L","None","Asian (Global)",""
"Cold cucumber soup (Thanda kheere ka soup)","Delhi;Mumbai;Bengaluru;Kolkata;Hyderabad","urban","Vegetarian","3-6L","None","North Indian",""
"Cold summer garden soup","Delhi;Mumbai;Bengaluru;Pune;Kolkata","urban","Vegetarian","3-6L;>6L","None","Western (Global)",""
"Chapati/Roti","All Indian States and UTs","both","Vegetarian","<1L;1-3L;3-6L;>6L","None","North Indian","Gluten/Wheat"
"Plain parantha/paratha","All Indian States and UTs","both","Vegetarian","<1L;1-3L;3-6L","None","North Indian","Gluten/Wheat"
"Potato parantha/paratha (Aloo ka parantha/paratha)","Punjab;Haryana;Uttar Pradesh;Delhi;Rajasthan","both","Vegetarian","1-3L;3-6L","None","North Indian","Gluten/Wheat"
"Radish parantha/paratha (Mooli ka parantha/paratha)","Punjab;Haryana;Uttar Pradesh;Delhi;Rajasthan","both","Vegetarian","1-3L;3-6L","None","North Indian","Gluten/Wheat"
"Cauliflower parantha/paratha (Phoolgobhi ka parantha/paratha)","Punjab;Haryana;Uttar Pradesh;Delhi;Rajasthan","both","Vegetarian","1-3L;3-6L","None","North Indian","Gluten/Wheat"
"Dal parantha/paratha","Punjab;Haryana;Delhi;Uttar Pradesh;Rajasthan","both","Vegetarian","1-3L;3-6L","None","North Indian","Gluten/Wheat"
"Sprouted moong parantha/paratha","Maharashtra;Gujarat;Delhi;Haryana;Rajasthan","both","Vegetarian","1-3L;3-6L","None","North Indian","Gluten/Wheat"
"Pea parantha/paratha (Matar ka parantha/paratha)","Punjab;Haryana;Delhi;Uttar Pradesh;Rajasthan","both","Vegetarian","1-3L;3-6L","None","North Indian","Gluten/Wheat"
"Keema parantha/paratha","Punjab;Delhi;Haryana;Uttar Pradesh;Rajasthan","both","Non-Vegetarian","3-6L","None","North Indian","Gluten/Wheat"
"Paneer parantha/paratha","Punjab;Haryana;Delhi;Uttar Pradesh;Rajasthan","both","Vegetarian","1-3L;3-6L","None","North Indian","Dairy, Gluten/Wheat"
"Besan and spinach parantha/paratha (Besan aur palak ka parantha/paratha)","Maharashtra;Gujarat;Delhi;Haryana;Rajasthan","both","Vegetarian","1-3L;3-6L","None","North Indian","Gluten/Wheat"
"Poori","All Indian States and UTs","both","Vegetarian","<1L;1-3L;3-6L","None","South Indian;North Indian","Gluten/Wheat"
"Spinach poori (Palak poori)","All Indian States and UTs","both","Vegetarian","1-3L;3-6L","None","South Indian;North Indian","Gluten/Wheat"
"Methi poori","All Indian States and UTs","both","Vegetarian","1-3L;3-6L","None","South Indian;North Indian","Gluten/Wheat"
"Dal stuffed poori","Uttar Pradesh;Rajasthan;Madhya Pradesh;Haryana;Punjab","both","Vegetarian","1-3L;3-6L","None","South Indian;North Indian","Gluten/Wheat"
"Potato stuffed poori (Aloo ki poori)","Uttar Pradesh;Rajasthan;Haryana;Delhi;Madhya Pradesh","both","Vegetarian","1-3L;3-6L","None","North Indian","Gluten/Wheat"
"Tandoori parantha/paratha","Punjab;Delhi;Haryana;Uttar Pradesh;Chandigarh","urban","Vegetarian","3-6L;>6L","None","North Indian","Gluten/Wheat"
"Boiled rice (Uble chawal)","All Indian States and UTs","both","Vegetarian","<1L;1-3L;3-6L;>6L","None","Western (Global)",""
"Plain pulao","All Indian States and UTs","both","Vegetarian","1-3L;3-6L","None","North Indian",""
"Mixed vegetable pulao","All Indian States and UTs","both","Vegetarian","1-3L;3-6L","None","North Indian",""
"Mushroom pulao","Delhi;Mumbai;Karnataka;Kerala;Tamil Nadu","urban","Vegetarian","3-6L;>6L","None","North Indian",""
"Sprouted moong pulao","Maharashtra;Gujarat;Delhi;Rajasthan;Haryana","both","Vegetarian","1-3L;3-6L","None","North Indian",""
"Paneer pulao","Punjab;Delhi;Haryana;Uttar Pradesh;Rajasthan","both","Vegetarian","3-6L","None","North Indian","Dairy"
"Peanut pulao","Maharashtra;Gujarat;Madhya Pradesh;Andhra Pradesh;Telangana","both","Vegetarian","1-3L;3-6L","None","North Indian","Nuts/Peanut"
"Navratan pulao","Delhi;Mumbai;Kolkata;Hyderabad;Jaipur","urban","Vegetarian","3-6L;>6L","None","North Indian",""
"Green chickpeas pulao (Choliya pulao/Hare chane ka pulao)","Haryana;Punjab;Delhi;Uttar Pradesh;Rajasthan","both","Vegetarian","1-3L;3-6L","None","North Indian",""
"Mutton biryani/biriyani","Hyderabad;Lucknow;Kolkata;Delhi;Chennai","both","Non-Vegetarian","3-6L;>6L","None","North Indian",""
"Vegetable biryani/biriyani","All Indian States and UTs","both","Vegetarian","1-3L;3-6L;>6L","None","North Indian",""
"Lemon rice (Pulihora, Elumichai sadam, Chitranna)","Andhra Pradesh;Telangana;Tamil Nadu;Karnataka;Kerala","both","Vegetarian","1-3L;3-6L","South Indian",""
"Sweet rice (Meethe chawal)","Punjab;Haryana;Delhi;Uttar Pradesh;Rajasthan","both","Vegetarian","1-3L;3-6L","None","North Indian",""
"Curd rice (Dahi bhaat/Dahi chawal/Perugu annam/Daddojanam/Thayir saadam)","Tamil Nadu;Andhra Pradesh;Telangana;Karnataka;Kerala","both","Vegetarian","1-3L;3-6L","None","South Indian","Dairy"
"Tamarind rice (Chintapandu pulihora/Puliyodharai/Puli sadam/Huli anna)","Andhra Pradesh;Telangana;Tamil Nadu;Karnataka;Kerala","both","Vegetarian","1-3L;3-6L","None","South Indian",""
"Spanish rice","Delhi;Mumbai;Bengaluru;Hyderabad;Pune","urban","Vegetarian","3-6L;>6L","None","Western (Global)",""
"Chinese fried rice","All Indian States and UTs","urban","Vegetarian","3-6L;>6L","None","Asian (Global)",""
"Macroni cheese pie","Delhi;Mumbai;Bengaluru;Hyderabad;Pune","urban","Vegetarian","3-6L;>6L","None","Western (Global)","Dairy"
"Vegetable chowmein","All Indian States and UTs","urban","Vegetarian","1-3L;3-6L;>6L","None","Asian (Global)","Gluten/Wheat"
"Chicken chowmein","All Indian States and UTs","urban","Non-Vegetarian","3-6L;>6L","None","Asian (Global)","Gluten/Wheat"
"Cheese noodle ring","Delhi;Mumbai;Pune;Bengaluru;Hyderabad","urban","Vegetarian","3-6L;>6L","None","Western (Global)","Dairy"
"Spaghetti and cheese balls in tomato sauce","Delhi;Mumbai;Pune;Bengaluru;Kolkata","urban","Vegetarian","3-6L;>6L","None","Western (Global)","Dairy, Gluten/Wheat"
"Penne platter","Delhi;Mumbai;Hyderabad;Pune;Bengaluru","urban","Vegetarian","3-6L;>6L","None","Western (Global)",""
"Pasta hot pot","Delhi;Mumbai;Pune;Bengaluru;Hyderabad","urban","Vegetarian","3-6L;>6L","None","Western (Global)","Gluten/Wheat"
"Chicken lasagne","Delhi;Mumbai;Bengaluru;Pune;Kolkata","urban","Non-Vegetarian","3-6L;>6L","None","Western (Global)",""
"Fettuccine with spinach sauce","Delhi;Mumbai;Pune;Bengaluru;Hyderabad","urban","Vegetarian","3-6L;>6L","None","Western (Global)",""
"Naan","All Indian States and UTs","both","Vegetarian","1-3L;3-6L;>6L","None","North Indian","Gluten/Wheat"
"Bhatura","All Indian States and UTs","both","Vegetarian","1-3L;3-6L","None","North Indian","Gluten/Wheat"
"Idli","Tamil Nadu;Karnataka;Andhra Pradesh;Kerala;Telangana","both","Vegetarian","<1L;1-3L;3-6L","None","South Indian",""
"Masala dosa","All Indian States and UTs","both","Vegetarian","1-3L;3-6L","None","South Indian",""
"Semolina dosa (Suji/Rava dosa)","Tamil Nadu;Karnataka;Andhra Pradesh;Kerala;Telangana","both","Vegetarian","1-3L;3-6L","None","South Indian","Gluten/Wheat"
"Onion tomato uttapam","Tamil Nadu;Karnataka;Andhra Pradesh;Kerala;Telangana","both","Vegetarian","1-3L;3-6L","None","South Indian",""
"Paneer kaathi roll","Delhi;Kolkata;Mumbai;Hyderabad;Pune","urban","Vegetarian","3-6L;>6L","None","North Indian","Dairy"
"Makki ki roti","Punjab;Haryana;Uttar Pradesh;Delhi;Rajasthan","rural","Vegetarian","1-3L;3-6L","None","North Indian","Gluten/Wheat"
"Washed moong dal (Dhuli moong ki dal)","All Indian States and UTs","both","Vegetarian","<1L;1-3L;3-6L","None","North Indian",""
"Washed urad dal (Dhuli urad ki dal)","All Indian States and UTs","both","Vegetarian","<1L;1-3L;3-6L","None","North Indian",""
"Split bengal gram with bottle gourd (Channa dal with ghiya/lauki)","Uttar Pradesh;Rajasthan;Madhya Pradesh;Haryana;Delhi","both","Vegetarian","1-3L;3-6L","None","North Indian",""
"Dry washed urad","All Indian States and UTs","both","Vegetarian","<1L;1-3L;3-6L","None","North Indian",""
"Mixed dal","All Indian States and UTs","both","Vegetarian","<1L;1-3L;3-6L","None","North Indian;South Indian;West Indian; East/North-East Indian",""
"Whole moong (Moong ki dal)","All Indian States and UTs","both","Vegetarian","<1L;1-3L;3-6L","None","North Indian;South Indian;West Indian; East/North-East Indian",""
"Whole masoor (Masoor ki dal)","All Indian States and UTs","both","Vegetarian","<1L;1-3L;3-6L","None","North Indian;South Indian;West Indian; East/North-East Indian",""
"Whole moth (Moth ki dal)","Rajasthan;Haryana;Punjab;Delhi;Uttar Pradesh","rural","Vegetarian","1-3L;3-6L","None","North Indian;South Indian;West Indian; East/North-East Indian",""
"Whole urad (Urad ki dal)","All Indian States and UTs","both","Vegetarian","<1L;1-3L;3-6L","None","North Indian;South Indian;West Indian; East/North-East Indian",""
"Moti mahal dal (Urad rajmah mix dal)","Punjab;Delhi;Haryana;Uttar Pradesh;Rajasthan","urban","Vegetarian","3-6L;>6L","None","North Indian",""
"Black channa curry/Bengal gram curry (Kale chane ki curry)","Punjab;Haryana;Delhi;Rajasthan;Uttar Pradesh","both","Vegetarian","1-3L;3-6L","None","North Indian",""
"Chickpeas curry (Safed channa curry)","All Indian States and UTs","both","Vegetarian","1-3L;3-6L","None","North Indian;South Indian;West Indian; East/North-East Indian",""
"Lobia curry","All Indian States and UTs","both","Vegetarian","1-3L;3-6L","None","North Indian",""
"Soyabean curry","Madhya Pradesh;Maharashtra;Uttar Pradesh;Delhi;Rajasthan","both","Vegetarian","1-3L;3-6L","None","North Indian;South Indian;West Indian; East/North-East Indian",""
"Kidney bean curry (Rajmah curry)","Punjab;Delhi;Haryana;Himachal Pradesh;Uttarakhand","both","Vegetarian","1-3L;3-6L","None","North Indian",""
"Sambar","Tamil Nadu;Karnataka;Andhra Pradesh;Kerala;Telangana","both","Vegetarian","1-3L;3-6L","None","South Indian",""
"Besan kadhi with pakodies","Rajasthan;Punjab;Haryana;Uttar Pradesh;Delhi","both","Vegetarian","1-3L;3-6L","None","North Indian",""
"Khatta channa","Rajasthan;Haryana;Delhi;Uttar Pradesh;Madhya Pradesh","both","Vegetarian","1-3L;3-6L","None","North Indian","Gluten/Wheat"
"Sprouted moong dal chat","Delhi;Maharashtra;Gujarat;Rajasthan;Uttar Pradesh","urban","Vegetarian","1-3L;3-6L","None","North Indian",""
"Potato cauliflower (Aloo gobhi)","All Indian States and UTs","both","Vegetarian","1-3L;3-6L","None","North Indian",""
"Potato capsicum (Shimla mirch aloo)","Punjab;Delhi;Haryana;Uttar Pradesh;Rajasthan","both","Vegetarian","1-3L;3-6L","None","North Indian",""
"Cabbage and peas (Pattagobhi aur matar)","All Indian States and UTs","both","Vegetarian","1-3L;3-6L","None","North Indian","Gluten/Wheat"
"Carrot and fenugreek leaves (Gajar methi)","Punjab;Haryana;Delhi;Uttar Pradesh;Rajasthan","both","Vegetarian","1-3L;3-6L","None","North Indian",""
"Potato fenugreek (Aloo methi)","All Indian States and UTs","both","Vegetarian","1-3L;3-6L","None","North Indian",""
"Brinjal bhartha (Baingan ka bhartha)","Punjab;Haryana;Delhi;Uttar Pradesh;Rajasthan","both","Vegetarian","1-3L;3-6L","None","North Indian",""
"Dry potato (Sookhe aloo)","All Indian States and UTs","both","Vegetarian","<1L;1-3L;3-6L","None","North Indian",""
"Beans with coconut (Nariyal aur sem/phali; Beans thoran)","Kerala;Tamil Nadu;Karnataka;Andhra Pradesh;Goa","both","Vegetarian","1-3L;3-6L","None","South Indian",""
"Cauliflower with coconut (Nariyal ke saath phoolgobhi)","Kerala;Tamil Nadu;Karnataka;Goa;Maharashtra","both","Vegetarian","1-3L;3-6L","None","South Indian",""
"Carrot and cabbage with coconut (Nariyal ke saath pattagobhi aur gajar)","Kerala;Karnataka;Tamil Nadu;Andhra Pradesh;Goa","both","Vegetarian","1-3L;3-6L","None","South Indian","Gluten/Wheat"
"Raw turnip with coconut","Kerala;Tamil Nadu;Karnataka;Andhra Pradesh;Goa","both","Vegetarian","1-3L;3-6L","None","Western (Global)",""
"Raw papaya with coconut (Papaya thoran)","Kerala;Karnataka;Tamil Nadu;Andhra Pradesh;Goa","both","Vegetarian","1-3L;3-6L","None","Western (Global)",""
"Stuffed okra (Bharwa bhindi)","Punjab;Haryana;Uttar Pradesh;Delhi;Rajasthan","both","Vegetarian","1-3L;3-6L","None","North Indian",""
"Stuffed round gourd (Bharwa tinde)","Punjab;Haryana;Delhi;Uttar Pradesh;Rajasthan","both","Vegetarian","1-3L;3-6L","None","North Indian",""
"Stuffed capsicum (Bharwa shimla mirch)","Punjab;Haryana;Delhi;Uttar Pradesh;Rajasthan","both","Vegetarian","1-3L;3-6L","None","North Indian",""
"Stuffed brinjal (Bharwa baingan)","Maharashtra;Madhya Pradesh;Uttar Pradesh;Rajasthan;Delhi","both","Vegetarian","1-3L;3-6L","None","North Indian",""
"Stuffed tomatoes (Bharwa tamatar)","Punjab;Delhi;Haryana;Uttar Pradesh;Rajasthan","both","Vegetarian","1-3L;3-6L","None","North Indian",""
"Pea potato curry (Aloo matar)","All Indian States and UTs","both","Vegetarian","1-3L;3-6L","None","North Indian",""
"Pea paneer curry (Matar paneer)","Punjab;Haryana;Delhi;Uttar Pradesh;Rajasthan","both","Vegetarian","3-6L","None","North Indian","Dairy"
"Pea mushroom curry (Matar mushroom)","Delhi;Mumbai;Punjab;Haryana;Uttar Pradesh","both","Vegetarian","3-6L;>6L","None","North Indian",""
"Pea curry (Matar ki sabzi)","All Indian States and UTs","both","Vegetarian","1-3L;3-6L","None","North Indian",""
"Pea vadi curry","Rajasthan;Haryana;Delhi;Punjab;Uttar Pradesh","rural","Vegetarian","1-3L;3-6L","None","North Indian",""
"Paneer curry","Punjab;Delhi;Haryana;Uttar Pradesh;Rajasthan","both","Vegetarian","3-6L","None","North Indian","Dairy"
"Lotus stem curry (Kamal kakdi curry)","Punjab;Delhi;Haryana;Uttar Pradesh;Rajasthan","both","Vegetarian","3-6L","None","North Indian",""
"Gravy for kofta","Delhi;Mumbai;Kolkata;Hyderabad;Jaipur","urban","Vegetarian","3-6L","None","North Indian",""
"Pea kofta curry (Matar kofta curry)","Punjab;Haryana;Delhi;Uttar Pradesh;Rajasthan","both","Vegetarian","3-6L","None","North Indian",""
"Spinach kofta curry (Palak kofta curry)","Punjab;Delhi;Haryana;Uttar Pradesh;Rajasthan","both","Vegetarian","3-6L;>6L","None","North Indian",""
"Paneer kofta curry","Delhi;Mumbai;Punjab;Haryana;Uttar Pradesh","both","Vegetarian","3-6L;>6L","None","North Indian","Dairy"
"Lotus stem kofta curry (Kamal kakdi kofta curry)","Punjab;Delhi;Haryana;Uttar Pradesh;Rajasthan","both","Vegetarian","3-6L","None","North Indian",""
"Raw banana kofta curry (Kela kofta curry)","Maharashtra;Tamil Nadu;Kerala;Karnataka;Andhra Pradesh","both","Vegetarian","1-3L;3-6L","None","North Indian",""
"Cauliflower kofta curry (Phoolgobhi kofta curry)","Punjab;Delhi;Haryana;Uttar Pradesh;Rajasthan","both","Vegetarian","3-6L","None","North Indian",""
"Cabbage kofta curry (Pattagobhi kofta curry)","Punjab;Haryana;Delhi;Uttar Pradesh;Rajasthan","both","Vegetarian","3-6L","None","North Indian","Gluten/Wheat"
"Ghiya/Lauki Kofta Curry","Delhi;Uttar Pradesh;Rajasthan;Haryana;Madhya Pradesh","both","Vegetarian","1-3L;3-6L","None","North Indian",""
"Spinach paneer kofta curry (Palak paneer kofta curry)","Punjab;Delhi;Haryana;Uttar Pradesh;Rajasthan","both","Vegetarian","3-6L;>6L","None","North Indian","Dairy"
"Vegetarian egg kofta curry","Delhi;Mumbai;Pune;Hyderabad;Kolkata","urban","Eggitarian","3-6L;>6L","None","North Indian","Egg"
"Baked vegetables","Delhi;Mumbai;Pune;Bengaluru;Hyderabad","urban","Vegetarian","3-6L;>6L","None","Western (Global)",""
"Cauliflower musallam (Phoolgobhi musallam)","Punjab;Delhi;Haryana;Uttar Pradesh;Rajasthan","both","Vegetarian","3-6L;>6L","None","North Indian",""
"Baked vegetables with spinach","Delhi;Mumbai;Pune;Bengaluru;Hyderabad","urban","Vegetarian","3-6L;>6L","None","Western (Global)",""
"Baked potato with skin","Delhi;Mumbai;Bengaluru;Pune;Hyderabad","urban","Vegetarian","3-6L;>6L","None","Western (Global)",""
"Shepherd's pie (vegetarian)","Delhi;Mumbai;Pune;Bengaluru;Hyderabad","urban","Vegetarian","3-6L;>6L","None","Western (Global)",""
"Baked brinjal in tomato sauce","Delhi;Mumbai;Pune;Hyderabad;Bengaluru","urban","Vegetarian","3-6L;>6L","None","Western (Global)",""
"Dum aloo","All Indian States and UTs","both","Vegetarian","1-3L;3-6L","None","North Indian",""
"Spinach paneer (Palak paneer)","Punjab;Delhi;Haryana;Uttar Pradesh;Rajasthan","both","Vegetarian","3-6L;>6L","None","North Indian","Dairy"
"Methi chaman","Kashmir;Delhi;Punjab;Haryana;Uttar Pradesh","both","Vegetarian","3-6L;>6L","None","North Indian",""
"Sarson ka saag","Punjab;Haryana;Delhi;Uttar Pradesh;Himachal Pradesh","both","Vegetarian","1-3L;3-6L","None","North Indian",""
"Jackfruit sabzi (Kathal ki sabzi)","Uttar Pradesh;Bihar;West Bengal;Jharkhand;Odisha","both","Vegetarian","1-3L;3-6L","None","North Indian",""
"Avial","Kerala;Tamil Nadu;Karnataka;Andhra Pradesh;Goa","both","Vegetarian","1-3L;3-6L","None","South Indian",""
"Al yakhani","Jammu and Kashmir;Ladakh","urban","Non-Vegetarian","3-6L;>6L","None","North Indian",""
"Shahi paneer","Punjab;Delhi;Haryana;Uttar Pradesh;Rajasthan","both","Vegetarian","3-6L;>6L","None","North Indian","Dairy"
"Paneer in butter sauce","Punjab;Delhi;Haryana;Uttar Pradesh;Rajasthan","both","Vegetarian","3-6L;>6L","None","North Indian","Dairy"
"Methi malai paneer","Punjab;Delhi;Haryana;Uttar Pradesh;Rajasthan","both","Vegetarian","3-6L;>6L","None","North Indian","Dairy"
"Chilli paneer","All Indian States and UTs","urban","Vegetarian","3-6L;>6L","None","Asian (Global)","Dairy"
"Paneer makhana korma","Punjab;Delhi;Haryana;Uttar Pradesh;Rajasthan","both","Vegetarian","3-6L;>6L","None","North Indian","Dairy"
"Kadhai Paneer","All Indian States and UTs","both","Vegetarian","3-6L;>6L","None","North Indian","Dairy"
"Roghan josh","Jammu and Kashmir;Delhi;Punjab;Haryana;Uttar Pradesh","both","Non-Vegetarian","3-6L;>6L","None","North Indian",""
"Spinach mutton (Palak mutton)","Delhi;Punjab;Haryana;Uttar Pradesh;Kashmir","both","Non-Vegetarian","3-6L;>6L","None","North Indian",""
"Pea keema curry (Matar keema ki sabzi)","Punjab;Delhi;Haryana;Uttar Pradesh;Rajasthan","both","Non-Vegetarian","3-6L","None","North Indian",""
"Keema kofta curry","Delhi;Lucknow;Hyderabad;Kolkata;Mumbai","both","Non-Vegetarian","3-6L;>6L","None","North Indian",""
"Kashmiri mutton koftas (Gushtaba)","Jammu and Kashmir;Ladakh","urban","Non-Vegetarian","3-6L;>6L","None","North Indian",""
"Mutton yakhni","Jammu and Kashmir;Delhi;Punjab;Haryana;Uttar Pradesh","both","Non-Vegetarian","3-6L;>6L","None","North Indian",""
"Chicken yakhni","Jammu and Kashmir;Delhi;Punjab;Haryana;Uttar Pradesh","both","Non-Vegetarian","3-6L;>6L","None","North Indian",""
"Mutton do piaza","Delhi;Lucknow;Hyderabad;Kolkata;Mumbai","both","Non-Vegetarian","3-6L;>6L","None","North Indian",""
"Mutton chops","Delhi;Lucknow;Hyderabad;Kolkata;Mumbai","urban","Non-Vegetarian","3-6L;>6L","None","Western (Global)",""
"Shammi kebab","Lucknow;Delhi;Hyderabad;Kolkata;Bhopal","both","Non-Vegetarian","3-6L;>6L","None","North Indian",""
"Scotch egg","Delhi;Mumbai;Pune;Hyderabad;Kolkata","urban","Eggitarian","3-6L;>6L","None","Western (Global)","Egg"
"Shepherd's pie (with minced meat)","Delhi;Mumbai;Bengaluru;Hyderabad;Goa","urban","Non-Vegetarian","3-6L;>6L","None","Western (Global)",""
"Chicken curry","All Indian States and UTs","both","Non-Vegetarian","1-3L;3-6L;>6L","None","Western (Global)",""
"Tandoori chicken","Punjab;Delhi;Haryana;Uttar Pradesh;Chandigarh","both","Non-Vegetarian","3-6L;>6L","None","North Indian",""
"Butter chicken","Punjab;Delhi;Haryana;Uttar Pradesh;Rajasthan","both","Non-Vegetarian","3-6L;>6L","None","Western (Global)","Dairy"
"Chicken kebab","Lucknow;Hyderabad;Delhi;Kolkata;Bhopal","both","Non-Vegetarian","3-6L;>6L","None","North Indian",""
"Chilli chicken","All Indian States and UTs","urban","Non-Vegetarian","3-6L;>6L","None","Asian (Global)",""
"Fried chicken with tomato sauce (Fried chicken tamatar ki chutney kay saath)","Delhi;Mumbai;Hyderabad;Kolkata;Goa","urban","Non-Vegetarian","3-6L;>6L","None","Western (Global)",""
"Fish curry (Machli curry)","Kerala;Goa;West Bengal;Odisha;Andhra Pradesh","both","Non-Vegetarian","1-3L;3-6L;>6L","None","Western (Global)",""
"Fried fish (Indian style) (Tali hui machli)","Kerala;Goa;West Bengal;Odisha;Maharashtra","both","Non-Vegetarian","1-3L;3-6L","None","Western (Global)",""
"Fried fish and Chips (English Style) (Tali hui machli aur chips)","Goa;Mumbai;Bengaluru;Hyderabad;Kolkata","urban","Non-Vegetarian","3-6L;>6L","None","Western (Global)",""
"Tomato fish","West Bengal;Goa;Kerala;Odisha;Maharashtra","both","Non-Vegetarian","3-6L","None","Western (Global)",""
"Baked fish with cheese sauce","Goa;Mumbai;Bengaluru;Hyderabad;Kolkata","urban","Non-Vegetarian","3-6L;>6L","None","Western (Global)","Dairy"
"Fish tikka","Delhi;Mumbai;Goa;Hyderabad;Kolkata","urban","Non-Vegetarian","3-6L;>6L","None","Western (Global)",""
"Tandoori fish","Delhi;Mumbai;Goa;Hyderabad;Kolkata","urban","Non-Vegetarian","3-6L;>6L","None","North Indian",""
"Paneer, apple and pineapple salad","Delhi;Mumbai;Pune;Hyderabad;Bengaluru","urban","Vegetarian","3-6L;>6L","None","North Indian","Dairy"
"Russian salad","Delhi;Mumbai;Bengaluru;Hyderabad;Kolkata","urban","Vegetarian","3-6L;>6L","None","Western (Global)",""
"Pasta salad","Delhi;Mumbai;Pune;Bengaluru;Hyderabad","urban","Vegetarian","3-6L;>6L","None","Western (Global)","Gluten/Wheat"
"Deviled egg","Delhi;Mumbai;Kolkata;Hyderabad;Goa","urban","Eggitarian","3-6L;>6L","None","Western (Global)","Egg"
"Hawain salad","Delhi;Mumbai;Bengaluru;Hyderabad;Goa","urban","Vegetarian","3-6L;>6L","None","Western (Global)",""
"Mixed pulse and vegetable salad","All Indian States and UTs","both","Vegetarian","1-3L;3-6L","None","Western (Global)",""
"Sprouted moong salad ","All Indian States and UTs","both","Vegetarian","1-3L;3-6L","None","Western (Global)",""
"Tossed salad","Delhi;Mumbai;Bengaluru;Hyderabad;Kolkata","urban","Vegetarian","3-6L;>6L","None","Western (Global)",""
"Mixed vegetable salad with curd sauce","Delhi;Mumbai;Pune;Hyderabad;Kolkata","urban","Vegetarian","3-6L;>6L","None","Western (Global)","Dairy"
"Potato salad (Aloo ka salaad)","All Indian States and UTs","both","Vegetarian","1-3L;3-6L","None","North Indian",""
"Waldroff salad","Delhi;Mumbai;Bengaluru;Hyderabad;Kolkata","urban","Vegetarian","3-6L;>6L","None","Western (Global)",""
"Coleslaw","Delhi;Mumbai;Pune;Hyderabad;Kolkata","urban","Vegetarian","3-6L;>6L","None","Western (Global)",""
"Fruit salad (Phalon ka salaad)","All Indian States and UTs","both","Vegetarian","<1L;1-3L;3-6L;>6L","None","Western (Global)",""
"Tomato onion raita (Tamatar aur pyaaz ka raita)","All Indian States and UTs","both","Vegetarian","1-3L;3-6L","None","Western (Global)",""
"Peanut raita (Mungfali ka raita)","Rajasthan;Madhya Pradesh;Gujarat;Uttar Pradesh;Delhi","both","Vegetarian","1-3L;3-6L","None","Western (Global)","Nuts/Peanut"
"Sprouted moong raita ","Delhi;Maharashtra;Gujarat;Rajasthan;Uttar Pradesh","both","Vegetarian","1-3L;3-6L","None","Western (Global)",""
"Bottle gourd raita (Ghiya/Lauki ka raita)","Rajasthan;Haryana;Delhi;Uttar Pradesh;Madhya Pradesh","both","Vegetarian","1-3L;3-6L","None","Western (Global)",""
"Cucumber raita (Kheere ka raita)","All Indian States and UTs","both","Vegetarian","1-3L;3-6L","None","North Indian",""
"Carrot and spinach raita (Gajar aur palak ka raita)","Punjab;Haryana;Delhi;Uttar Pradesh;Rajasthan","both","Vegetarian","1-3L;3-6L","None","Western (Global)",""
"Mint raita (Pudinay ka raita)","All Indian States and UTs","both","Vegetarian","1-3L;3-6L","None","Western (Global)",""
"Potato raita (Aloo ka raita)","Uttar Pradesh;Rajasthan;Haryana;Delhi;Punjab","both","Vegetarian","1-3L;3-6L","None","North Indian",""
"Boondi raita","All Indian States and UTs","both","Vegetarian","1-3L;3-6L","None","Western (Global)",""
"Sweet raita (Meetha raita)","Rajasthan;Haryana;Delhi;Uttar Pradesh;Punjab","both","Vegetarian","1-3L;3-6L","None","Western (Global)",""
"Dahi vadas/Dahi bhalla","All Indian States and UTs","both","Vegetarian","1-3L;3-6L","None","South Indian","Dairy"
"Gunjia","Uttar Pradesh;Bihar;Rajasthan;Madhya Pradesh;Delhi","both","Vegetarian","1-3L;3-6L","None","Western (Global)",""
"Saunth/Sonth chutney with tamarind/imli","All Indian States and UTs","both","Vegetarian","1-3L;3-6L","None","Western (Global)",""
"Rice kheer (Chawal ki kheer)","All Indian States and UTs","both","Vegetarian","1-3L;3-6L;>6L","None","North Indian",""
"Makhana kheer","Bihar;Uttar Pradesh;Punjab;Haryana;Delhi","both","Vegetarian","1-3L;3-6L","None","North Indian",""
"Vermicelli kheer (Semiya/Seviyan ki kheer)","All Indian States and UTs","both","Vegetarian","1-3L;3-6L","None","North Indian","Gluten/Wheat"
"Semolina kheer (Suji/Rava kheer)","All Indian States and UTs","both","Vegetarian","1-3L;3-6L","None","North Indian","Gluten/Wheat"
"Paneer kheer","Punjab;Delhi;Haryana;Uttar Pradesh;Rajasthan","both","Vegetarian","3-6L;>6L","None","North Indian","Dairy"
"Cabbage kheer (Pattagobhi ki kheer)","Kerala;Tamil Nadu;Karnataka;Andhra Pradesh;Goa","both","Vegetarian","1-3L;3-6L","None","North Indian","Gluten/Wheat"
"Carrot kheer (Gajar ki kheer)","Punjab;Delhi;Haryana;Uttar Pradesh;Rajasthan","both","Vegetarian","1-3L;3-6L","None","North Indian",""
"Cauliflower kheer (Phoolgobhi ki kheer)","Punjab;Haryana;Delhi;Uttar Pradesh;Rajasthan","both","Vegetarian","1-3L;3-6L","None","North Indian",""
"Moong dal kheer","All Indian States and UTs","both","Vegetarian","1-3L;3-6L","None","North Indian",""
"Phirni","Punjab;Delhi;Haryana;Uttar Pradesh;Rajasthan","both","Vegetarian","3-6L;>6L","None","Western (Global)",""
"Semolina halwa (Suji ka halwa)","All Indian States and UTs","both","Vegetarian","1-3L;3-6L","None","North Indian","Gluten/Wheat"
"Shahi suji halwa","Punjab;Delhi;Haryana;Uttar Pradesh;Rajasthan","both","Vegetarian","3-6L;>6L","None","North Indian",""
"Carrot halwa (Gajar ka halwa)","All Indian States and UTs","both","Vegetarian","1-3L;3-6L;>6L","None","North Indian",""
"Egg halwa (Ande ka halwa)","Delhi;Hyderabad;Lucknow;Kolkata;Mumbai","urban","Eggitarian","3-6L;>6L","None","North Indian","Egg"
"Potato halwa (Aloo ka halwa)","Uttar Pradesh;Rajasthan;Madhya Pradesh;Delhi;Bihar","both","Vegetarian","1-3L;3-6L","None","North Indian",""
"Pumpkin halwa (Kaddu ka halwa)","Uttar Pradesh;Rajasthan;Madhya Pradesh;Delhi;Haryana","both","Vegetarian","1-3L;3-6L","None","North Indian",""
"Moong dal halwa","Rajasthan;Punjab;Delhi;Haryana;Uttar Pradesh","both","Vegetarian","3-6L;>6L","None","North Indian",""
"Caramel custard (steamed)","Delhi;Mumbai;Goa;Hyderabad;Kolkata","urban","Vegetarian","3-6L;>6L","None","Western (Global)","Dairy"
"Baked custard","Delhi;Mumbai;Pune;Bengaluru;Kolkata","urban","Vegetarian","3-6L;>6L","None","Western (Global)","Dairy"
"Soft Custard (stirred)","Delhi;Mumbai;Hyderabad;Kolkata;Pune","urban","Vegetarian","3-6L;>6L","None","Western (Global)","Dairy"
"Chocolate ice cream","All Indian States and UTs","urban","Vegetarian","3-6L;>6L","None","Western (Global)","Dairy"
"Mango ice cream","All Indian States and UTs","urban","Vegetarian","3-6L;>6L","None","Western (Global)","Dairy"
"Fruit Ice cream (Phalon ka Ice cream)","All Indian States and UTs","urban","Vegetarian","3-6L;>6L","None","Western (Global)","Dairy"
"Caramel ice cream","Delhi;Mumbai;Hyderabad;Pune;Kolkata","urban","Vegetarian","3-6L;>6L","None","Western (Global)","Dairy"
"Lemon souffle","Delhi;Mumbai;Pune;Hyderabad;Kolkata","urban","Vegetarian","3-6L;>6L","None","Western (Global)",""
"Orange souffle","Delhi;Mumbai;Bengaluru;Pune;Hyderabad","urban","Vegetarian","3-6L;>6L","None","Western (Global)",""
"Vanilla souffle","Delhi;Mumbai;Bengaluru;Hyderabad;Kolkata","urban","Vegetarian","3-6L;>6L","None","Western (Global)",""
"Chocolate souffle","Delhi;Mumbai;Pune;Hyderabad;Kolkata","urban","Vegetarian","3-6L;>6L","None","Western (Global)",""
"Pineapple souffle ","Goa;Kerala;Maharashtra;Tamil Nadu;Karnataka","urban","Vegetarian","3-6L;>6L","None","Western (Global)",""
"Apple mousse","Delhi;Mumbai;Pune;Hyderabad;Bengaluru","urban","Vegetarian","3-6L;>6L","None","Western (Global)",""
"Rich chocolate mousse","Delhi;Mumbai;Pune;Hyderabad;Kolkata","urban","Vegetarian","3-6L;>6L","None","Western (Global)",""
"Mango mousse","Delhi;Mumbai;Pune;Hyderabad;Kolkata","urban","Vegetarian","3-6L;>6L","None","Western (Global)",""
"Orange and pineapple cream","Delhi;Mumbai;Bengaluru;Pune;Hyderabad","urban","Vegetarian","3-6L;>6L","None","Western (Global)","Dairy"
"Charlotte rousse","Delhi;Mumbai;Pune;Hyderabad;Kolkata","urban","Vegetarian","3-6L;>6L","None","Western (Global)",""
"Triffle pudding","Delhi;Mumbai;Pune;Hyderabad;Kolkata","urban","Vegetarian","3-6L;>6L","None","Western (Global)",""
"Snow flakes pudding","Delhi;Mumbai;Hyderabad;Pune;Kolkata","urban","Vegetarian","3-6L;>6L","None","Western (Global)",""
"Kulfi","All Indian States and UTs","both","Vegetarian","1-3L;3-6L;>6L","None","Western (Global)",""
"Steamed orange pudding","Delhi;Mumbai;Bengaluru;Hyderabad;Pune","urban","Vegetarian","3-6L;>6L","None","Western (Global)",""
"Meringue and rice pudding","Delhi;Mumbai;Bengaluru;Pune;Kolkata","urban","Vegetarian","3-6L;>6L","None","Western (Global)",""
"Cheese pudding","Delhi;Mumbai;Pune;Hyderabad;Kolkata","urban","Vegetarian","3-6L;>6L","None","Western (Global)","Dairy"
"Chocolate pudding","Delhi;Mumbai;Pune;Hyderabad;Kolkata","urban","Vegetarian","3-6L;>6L","Western (Global)",""
"Bread and butter pudding","Delhi;Mumbai;Goa;Kolkata;Bengaluru","urban","Vegetarian","3-6L;>6L","Western (Global)","Dairy, Gluten/Wheat"
"Queen of pudding","Delhi;Mumbai;Kolkata;Hyderabad;Pune","urban","Vegetarian","3-6L;>6L","Western (Global)",""
"Pineapple upside down pudding","Delhi;Mumbai;Goa;Hyderabad;Bengaluru","urban","Vegetarian","3-6L;>6L","Western (Global)",""
"Date and nut pie","Delhi;Mumbai;Hyderabad;Pune;Kolkata","urban","Vegetarian","3-6L;>6L","Western (Global)",""
"Stewed apple with custard","Delhi;Mumbai;Kolkata;Pune;Bengaluru","urban","Vegetarian","3-6L;>6L","Western (Global)","Dairy"
"Apple snowballs","Delhi;Mumbai;Bengaluru;Hyderabad;Kolkata","urban","Vegetarian","3-6L;>6L","Western (Global)",""
"Hot orange souffle","Delhi;Mumbai;Bengaluru;Hyderabad;Kolkata","urban","Vegetarian","3-6L;>6L","Western (Global)",""
"Hot chocolate souffle","Delhi;Mumbai;Pune;Hyderabad;Kolkata","urban","Vegetarian","3-6L;>6L","Western (Global)",""
"Hot vanilla souffle","Delhi;Mumbai;Bengaluru;Hyderabad;Pune","urban","Vegetarian","3-6L;>6L","Western (Global)",""
"Plain burfi (Burfi)","All Indian States and UTs","both","Vegetarian","1-3L;3-6L;>6L","Western (Global)",""
"Coconut burfi (Nariyal ki burfi)","All Indian States and UTs","both","Vegetarian","1-3L;3-6L","Western (Global)",""
"Bottle gourd burfi (Ghiya/Lauki burfi)","Rajasthan;Delhi;Haryana;Uttar Pradesh;Madhya Pradesh","both","Vegetarian","1-3L;3-6L","Western (Global)",""
"Chocolate burfi","Delhi;Mumbai;Kolkata;Hyderabad;Pune","urban","Vegetarian","3-6L;>6L","Western (Global)",""
"Cashewnut burfi (Kaju burfi/Kaju katli)","All Indian States and UTs","both","Vegetarian","3-6L;>6L","Western (Global)",""
"Gram flour burfi (Besan burfi)","All Indian States and UTs","both","Vegetarian","1-3L;3-6L","Western (Global)",""
"Semolina ladoo with khoya (Suji/Rava aur khoye ke ladoo )","All Indian States and UTs","both","Vegetarian","1-3L;3-6L","Western (Global)","Gluten/Wheat"
"Semolina ladoo with coconut (Suji/Rava aur nariyal ke ladoo )","All Indian States and UTs","both","Vegetarian","1-3L;3-6L","Western (Global)","Gluten/Wheat"
"Gram flour ladoo (Besan ladoo)","All Indian States and UTs","both","Vegetarian","1-3L;3-6L","Western (Global)",""
"Sesame ladoo (Til ke ladoo)","Maharashtra;Gujarat;Rajasthan;Uttar Pradesh;Madhya Pradesh","both","Vegetarian","1-3L;3-6L","Western (Global)",""
"Chenna murki","West Bengal;Odisha;Bihar;Assam;Jharkhand","both","Vegetarian","1-3L;3-6L","Western (Global)",""
"Milk cake","Uttar Pradesh;Rajasthan;Delhi;Haryana;Madhya Pradesh","both","Vegetarian","1-3L;3-6L","Western (Global)","Gluten/Wheat"
"Ghujia/Lavang latika","Uttar Pradesh;Bihar;Rajasthan;Madhya Pradesh;Delhi","both","Vegetarian","1-3L;3-6L","Western (Global)",""
"Gulab Jamun with khoya","All Indian States and UTs","both","Vegetarian","1-3L;3-6L;>6L","Western (Global)",""
"Mal pua","Uttar Pradesh;Bihar;Odisha;Rajasthan;West Bengal","both","Vegetarian","1-3L;3-6L","Western (Global)",""
"Shahi tukre","Delhi;Lucknow;Hyderabad;Kolkata;Bhopal","both","Vegetarian","3-6L;>6L","Western (Global)",""
"Potato pakora/pakoda (Aloo pakoda)","All Indian States and UTs","both","Vegetarian","<1L;1-3L;3-6L","North Indian",""
"Onion pakora/pakoda (Pyaaz ke pakode)","All Indian States and UTs","both","Vegetarian","<1L;1-3L;3-6L","North Indian",""
"Cauliflower pakora/pakoda (Phoolgobhi ke pakode)","Punjab;Delhi;Haryana;Uttar Pradesh;Rajasthan","both","Vegetarian","1-3L;3-6L","North Indian",""
"Mixed vegetable pakora/pakoda","All Indian States and UTs","both","Vegetarian","1-3L;3-6L","North Indian",""
"Spinach pakora/pakoda (Palak pakoda)","All Indian States and UTs","both","Vegetarian","1-3L;3-6L","North Indian",""
"Methi pakora/pakoda (Methi ke pakode)","Rajasthan;Punjab;Haryana;Uttar Pradesh;Delhi","both","Vegetarian","1-3L;3-6L","North Indian",""
"Egg pakora/pakoda (Ande ke pakode)","Delhi;Punjab;Haryana;Uttar Pradesh;Rajasthan","both","Eggitarian","1-3L;3-6L","North Indian","Egg"
"Bread pakora/pakoda","All Indian States and UTs","both","Vegetarian","1-3L;3-6L","North Indian","Gluten/Wheat"
"Paneer pakora/pakoda","Punjab;Delhi;Haryana;Uttar Pradesh;Rajasthan","both","Vegetarian","3-6L","North Indian","Dairy"
"Potato bonda (Aloo bonda)","Maharashtra;Karnataka;Tamil Nadu;Andhra Pradesh;Telangana","both","Vegetarian","1-3L;3-6L","North Indian",""
"Potato samosa (Aloo ka samosa)","All Indian States and UTs","both","Vegetarian","1-3L;3-6L","North Indian",""
"Minced meat samosa (Keema ka samosa)","Delhi;Lucknow;Hyderabad;Bhopal;Kolkata","both","Non-Vegetarian","3-6L;>6L","North Indian",""
"Paneer and pea samosa (Paneer matar ka samosa)","Delhi;Punjab;Haryana;Uttar Pradesh;Rajasthan","both","Vegetarian","3-6L","North Indian","Dairy"
"Mathri","Rajasthan;Uttar Pradesh;Delhi;Haryana;Madhya Pradesh","both","Vegetarian","1-3L;3-6L","Western (Global)",""
"Khasta kachori","Rajasthan;Uttar Pradesh;Delhi;Madhya Pradesh;Bihar","both","Vegetarian","1-3L;3-6L","North Indian",""
"Vegetable cutlet","All Indian States and UTs","both","Vegetarian","1-3L;3-6L","Western (Global)",""
"Flattened rice cutlet (Chirwa cutlet/Chivda cutlet/Poha cutlet)","Maharashtra;Madhya Pradesh;Chhattisgarh;Uttar Pradesh;Odisha","both","Vegetarian","1-3L;3-6L","Western (Global)",""
"Peanut cutlet (Mungfali ke cutlet)","Maharashtra;Gujarat;Madhya Pradesh;Uttar Pradesh;Rajasthan","both","Vegetarian","1-3L;3-6L","Western (Global)","Nuts/Peanut"
"Fish cutlet (Machli ka cutlet)","West Bengal;Kerala;Goa;Odisha;Andhra Pradesh","both","Non-Vegetarian","3-6L","Western (Global)",""
"Paneer potato cutlet (Paneer aloo cutlet)","Delhi;Punjab;Haryana;Uttar Pradesh;Rajasthan","both","Vegetarian","3-6L","North Indian","Dairy"
"Spinach chickpeas cutlet (Palak channa dal cutlet)","Punjab;Delhi;Haryana;Uttar Pradesh;Rajasthan","both","Vegetarian","3-6L","Western (Global)",""
"Cheese toast","Delhi;Mumbai;Bengaluru;Hyderabad;Kolkata","urban","Vegetarian","3-6L;>6L","Western (Global)","Dairy"
"Vegetable burger","All Indian States and UTs","urban","Vegetarian","3-6L;>6L","Western (Global)",""
"Cheese pizza","All Indian States and UTs","urban","Vegetarian","3-6L;>6L","Western (Global)","Dairy"
"Vegetable seekh kebab","Delhi;Lucknow;Hyderabad;Kolkata;Mumbai","both","Vegetarian","3-6L;>6L","North Indian",""
"Masala vada","Tamil Nadu;Karnataka;Andhra Pradesh;Telangana;Kerala","both","Vegetarian","1-3L;3-6L","South Indian",""
"Peanut sago vada (Sabudana mungfali vada)","Maharashtra;Madhya Pradesh;Gujarat;Rajasthan;Delhi","both","Vegetarian","1-3L;3-6L","South Indian","Nuts/Peanut"
"Vegeterian scotch egg","Delhi;Mumbai;Hyderabad;Pune;Kolkata","urban","Eggitarian","3-6L;>6L","Western (Global)","Egg"
"Paneer shaslik/tikka","Delhi;Mumbai;Hyderabad;Pune;Kolkata","urban","Vegetarian","3-6L;>6L","North Indian","Dairy"
"Peanut brittle (Moongfali ki chikki)","Maharashtra;Gujarat;Madhya Pradesh;Rajasthan;Uttar Pradesh","both","Vegetarian","1-3L;3-6L","Western (Global)","Nuts/Peanut"
"Spring roll","All Indian States and UTs","urban","Vegetarian","3-6L;>6L","Asian (Global)",""
"Dry mango chutney (Sookhe aam ki chutney)","Rajasthan;Madhya Pradesh;Uttar Pradesh;Gujarat;Delhi","both","Vegetarian","1-3L;3-6L","Western (Global)",""
"Peanut chutney (Mungfali ki chutney)","Maharashtra;Andhra Pradesh;Telangana;Karnataka;Tamil Nadu","both","Vegetarian","1-3L;3-6L","Western (Global)","Nuts/Peanut"
"Coconut chutney (Nariyal ki chutney)","Tamil Nadu;Kerala;Karnataka;Andhra Pradesh;Telangana","both","Vegetarian","1-3L;3-6L","Western (Global)",""
"Mint and coriander chutney (Pudinay aur dhaniye ki chutney)","All Indian States and UTs","both","Vegetarian","1-3L;3-6L","Western (Global)",""
"Custard tart","Delhi;Mumbai;Hyderabad;Kolkata;Pune","urban","Vegetarian","3-6L;>6L","Western (Global)","Dairy"
"Lemon tart","Delhi;Mumbai;Pune;Hyderabad;Kolkata","urban","Vegetarian","3-6L;>6L","Western (Global)",""
"Jam tart","Delhi;Mumbai;Pune;Hyderabad;Bengaluru","urban","Vegetarian","3-6L;>6L","Western (Global)",""
"Orange cream tart","Delhi;Mumbai;Hyderabad;Pune;Kolkata","urban","Vegetarian","3-6L;>6L","Western (Global)","Dairy"
"Pineapple tart","Goa;Mumbai;Kerala;Karnataka;Tamil Nadu","urban","Vegetarian","3-6L;>6L","Western (Global)",""
"Cheese and mushroom tart","Delhi;Mumbai;Hyderabad;Pune;Bengaluru","urban","Vegetarian","3-6L;>6L","Western (Global)","Dairy"
"Cottage cheese pie","Delhi;Mumbai;Hyderabad;Pune;Kolkata","urban","Vegetarian","3-6L;>6L","Western (Global)","Dairy"
"Minced meat pie","Delhi;Mumbai;Goa;Hyderabad;Kolkata","urban","Non-Vegetarian","3-6L;>6L","Western (Global)",""
"Apple cinnamon pie","Delhi;Mumbai;Pune;Hyderabad;Kolkata","urban","Vegetarian","3-6L;>6L","Western (Global)",""
"Lemon meringue pie","Delhi;Mumbai;Bengaluru;Pune;Kolkata","urban","Vegetarian","3-6L;>6L","Western (Global)",""
"Chocolate meringue pie","Delhi;Mumbai;Hyderabad;Pune;Kolkata","urban","Vegetarian","3-6L;>6L","Western (Global)",""
"Cream puffs","Delhi;Mumbai;Hyderabad;Pune;Kolkata","urban","Vegetarian","3-6L;>6L","Western (Global)","Dairy"
"Chocolate eclairs","All Indian States and UTs","urban","Vegetarian","3-6L;>6L","Western (Global)",""
"Cheese balls","Delhi;Mumbai;Pune;Hyderabad;Kolkata","urban","Vegetarian","3-6L;>6L","Western (Global)","Dairy"
"Minced meat patties","Delhi;Mumbai;Kolkata;Hyderabad;Goa","urban","Non-Vegetarian","3-6L;>6L","Western (Global)",""
"Cheese patties","Delhi;Mumbai;Pune;Hyderabad;Kolkata","urban","Vegetarian","3-6L;>6L","Western (Global)","Dairy"
"Hot cheese souffle","Delhi;Mumbai;Pune;Hyderabad;Kolkata","urban","Vegetarian","3-6L;>6L","Western (Global)","Dairy"
"Hot potato souffle","Delhi;Mumbai;Bengaluru;Pune;Hyderabad","urban","Vegetarian","3-6L;>6L","Western (Global)",""
"Hot fish souffle","Delhi;Mumbai;Hyderabad;Kolkata;Goa","urban","Non-Vegetarian","3-6L;>6L","Western (Global)",""
"Hot spinach souffle","Delhi;Mumbai;Bengaluru;Pune;Hyderabad","urban","Vegetarian","3-6L;>6L","Western (Global)",""
"Plain cream cake","All Indian States and UTs","urban","Vegetarian","3-6L;>6L","Western (Global)","Dairy, Gluten/Wheat"
"Apple cake (Seb ka cake)","Delhi;Mumbai;Kolkata;Pune;Bengaluru","urban","Vegetarian","3-6L;>6L","Western (Global)","Gluten/Wheat"
"Marble cake","All Indian States and UTs","urban","Vegetarian","3-6L;>6L","Western (Global)","Gluten/Wheat"
"Chocolate cake","All Indian States and UTs","urban","Vegetarian","3-6L;>6L","Western (Global)","Cocoa, Dairy, Wheat"
"Orange cake","Delhi;Mumbai;Pune;Hyderabad;Kolkata","urban","Vegetarian","3-6L;>6L","Western (Global)","Gluten/Wheat"
"Fruit Loaf","Delhi;Mumbai;Pune;Hyderabad;Kolkata","urban","Vegetarian","3-6L;>6L","Western (Global)",""
"Banana cake (Kele ka cake)","Kerala;Goa;Tamil Nadu;Karnataka;Maharashtra","both","Vegetarian","1-3L;3-6L","Western (Global)","Gluten/Wheat"
"Chocolate chiffon cake","Delhi;Mumbai;Pune;Hyderabad;Kolkata","urban","Vegetarian","3-6L;>6L","Western (Global)","Gluten/Wheat"
"Christmas cake","Goa;Kerala;Tamil Nadu;Karnataka;Maharashtra","both","Vegetarian","3-6L;>6L","Western (Global)","Gluten/Wheat"
"Strawberry and vanilla cake with butter icing","Delhi;Mumbai;Pune;Hyderabad;Kolkata","urban","Vegetarian","3-6L;>6L","Western (Global)","Dairy, Gluten/Wheat"
"Eggless cake","All Indian States and UTs","urban","Vegetarian","3-6L;>6L","Western (Global)","Egg, Gluten/Wheat"
"Swiss roll","Delhi;Mumbai;Hyderabad;Pune;Kolkata","urban","Vegetarian","3-6L;>6L","Western (Global)",""
"Pineapple pastry","All Indian States and UTs","urban","Vegetarian","3-6L;>6L","Western (Global)",""
"Black forest pastry","All Indian States and UTs","urban","Vegetarian","3-6L;>6L","Western (Global)",""
"Coconut finger","Kerala;Goa;Maharashtra;Tamil Nadu;Karnataka","both","Vegetarian","1-3L;3-6L","Western (Global)",""
"Pineapple cake","Goa;Kerala;Tamil Nadu;Karnataka;Maharashtra","urban","Vegetarian","3-6L;>6L","Western (Global)","Gluten/Wheat"
"Chocolate walnut cookies (Chocolate aur akhrot ke cookies)","Delhi;Mumbai;Pune;Hyderabad;Kolkata","urban","Vegetarian","3-6L;>6L","Western (Global)","Gluten/Wheat"
"Chocolate chip cookies","All Indian States and UTs","urban","Vegetarian","3-6L;>6L","Western (Global)","Gluten/Wheat"
"Sweet plain biscuit","All Indian States and UTs","both","Vegetarian","1-3L;3-6L;>6L","Western (Global)","Gluten/Wheat"
"Chocolate biscuit","All Indian States and UTs","urban","Vegetarian","3-6L;>6L","Western (Global)","Gluten/Wheat"
"Coconut biscuit (Nariyal ke biscuit)","Kerala;Goa;Tamil Nadu;Karnataka;Maharashtra","both","Vegetarian","1-3L;3-6L","Western (Global)","Gluten/Wheat"
"Sweet and salty biscuit (Meethay aur namkeen biscuit)","All Indian States and UTs","both","Vegetarian","1-3L;3-6L","Western (Global)","Gluten/Wheat"
"Peanut biscuit","Maharashtra;Gujarat;Madhya Pradesh;Rajasthan;Uttar Pradesh","both","Vegetarian","1-3L;3-6L","Western (Global)","Gluten/Wheat, Nuts/Peanut"
"Pin wheel biscuit","Delhi;Mumbai;Pune;Hyderabad;Kolkata","urban","Vegetarian","3-6L;>6L","Western (Global)","Gluten/Wheat"
"Saffron biscuit (Kesar biscuit)","Rajasthan;Gujarat;Delhi;Madhya Pradesh;Maharashtra","both","Vegetarian","3-6L","Western (Global)","Gluten/Wheat"
"Masala biscuit","Karnataka;Tamil Nadu;Kerala;Andhra Pradesh;Telangana","both","Vegetarian","1-3L;3-6L","Western (Global)","Gluten/Wheat"
"Ice box cookies","Delhi;Mumbai;Pune;Hyderabad;Kolkata","urban","Vegetarian","3-6L;>6L","Western (Global)","Gluten/Wheat"
"Ginger bread man","Delhi;Mumbai;Pune;Hyderabad;Goa","urban","Vegetarian","3-6L;>6L","Western (Global)","Gluten/Wheat"
"Danish cookies","Delhi;Mumbai;Bengaluru;Hyderabad;Pune","urban","Vegetarian","3-6L;>6L","Western (Global)","Gluten/Wheat"
"Short bread cookies","Delhi;Mumbai;Pune;Hyderabad;Kolkata","urban","Vegetarian","3-6L;>6L","Western (Global)","Gluten/Wheat"
"Coffee biscuit","Delhi;Mumbai;Pune;Hyderabad;Kolkata","urban","Vegetarian","3-6L;>6L","Western (Global)","Gluten/Wheat"
"Melting moments","Delhi;Mumbai;Hyderabad;Kolkata;Pune","urban","Vegetarian","3-6L;>6L","Western (Global)",""
"Ginger biscuit (Adarak ke biscuit)","All Indian States and UTs","both","Vegetarian","1-3L;3-6L","Western (Global)","Gluten/Wheat"
"Soyabean muthias","Gujarat;Madhya Pradesh;Rajasthan;Maharashtra;Delhi","both","Vegetarian","1-3L;3-6L","Western (Global)",""
"Soyabean tikki","Delhi;Maharashtra;Madhya Pradesh;Uttar Pradesh;Rajasthan","both","Vegetarian","1-3L;3-6L","Western (Global)",""
"Soyabean namak paras","Delhi;Madhya Pradesh;Rajasthan;Uttar Pradesh;Haryana","both","Vegetarian","1-3L;3-6L","Western (Global)",""
"Peanut burfi (Moongfali ki burfi)","Maharashtra;Gujarat;Rajasthan;Uttar Pradesh;Madhya Pradesh","both","Vegetarian","1-3L;3-6L","Western (Global)","Nuts/Peanut"
"Spinach peanut namak paras (Palak moongfali namak paras)","Delhi;Madhya Pradesh;Rajasthan;Haryana;Uttar Pradesh","both","Vegetarian","1-3L;3-6L","Western (Global)","Nuts/Peanut"
"Gram flour and semolina chilla/cheela/savory pancake (Besan suji chilla/cheela)","All Indian States and UTs","both","Vegetarian","1-3L;3-6L","Western (Global)","Gluten/Wheat"
"Rice moong dal cheela (Chawal aur moong dal ka cheela)","Uttar Pradesh;Rajasthan;Delhi;Haryana;Madhya Pradesh","both","Vegetarian","1-3L;3-6L","Western (Global)",""
"Split bengal gram sweet rice (Channa dal sweet rice)","Rajasthan;Gujarat;Maharashtra;Madhya Pradesh;Delhi","both","Vegetarian","1-3L;3-6L","Western (Global)",""
"Sweet poori (Meethi poori)","Rajasthan;Uttar Pradesh;Haryana;Delhi;Madhya Pradesh","both","Vegetarian","1-3L;3-6L","Western (Global)","Gluten/Wheat"
"Wheat flour and moong dal burfi (Atta aur moong dal ki burfi)","Rajasthan;Madhya Pradesh;Uttar Pradesh;Haryana;Delhi","both","Vegetarian","1-3L;3-6L","Western (Global)","Gluten/Wheat"
"Spinach burfi (Palak burfi)","Punjab;Haryana;Delhi;Uttar Pradesh;Rajasthan","both","Vegetarian","3-6L","Western (Global)",""
"Sweet split chickpea roti (Sweet channa dal roti/Puranpoli)","Maharashtra;Gujarat;Goa;Karnataka;Andhra Pradesh","both","Vegetarian","1-3L;3-6L","North Indian","Gluten/Wheat"
"Sprouted moong daliya","Maharashtra;Gujarat;Rajasthan;Delhi;Haryana","both","Vegetarian","1-3L;3-6L","North Indian","Gluten/Wheat"
"Sprouted moong poha","Maharashtra;Madhya Pradesh;Gujarat;Rajasthan;Delhi","both","Vegetarian","1-3L;3-6L","Western (Global)",""
"Pearl millet ladoo (Bajra ladoo)","Rajasthan;Haryana;Gujarat;Madhya Pradesh;Uttar Pradesh","rural","Vegetarian","1-3L","Western (Global)",""
"Paushtik ladoo","Rajasthan;Madhya Pradesh;Delhi;Haryana;Gujarat","both","Vegetarian","1-3L;3-6L","Western (Global)",""
"Paushtik roti","Rajasthan;Haryana;Madhya Pradesh;Delhi;Uttar Pradesh","rural","Vegetarian","1-3L;3-6L","North Indian","Gluten/Wheat"
"Semolina carrot vada (Suji gajar vada)","Tamil Nadu;Karnataka;Kerala;Andhra Pradesh;Telangana","both","Vegetarian","1-3L;3-6L","South Indian","Gluten/Wheat"
"Dhokla","Gujarat;Maharashtra;Rajasthan;Madhya Pradesh;Delhi","both","Vegetarian","1-3L;3-6L","West Indian",""
"Kashmiri tea (Kehwa)","Jammu and Kashmir;Ladakh","urban","Vegetarian","3-6L;>6L","Western (Global)",""
"Steeped hot coffee","Tamil Nadu;Karnataka;Kerala;Delhi;Maharashtra","both","Vegetarian","3-6L;>6L","Western (Global)",""
"Hot chocolate","Delhi;Mumbai;Pune;Hyderabad;Kolkata","urban","Vegetarian","3-6L;>6L","Western (Global)",""
"Cold coffee (with cream)","Delhi;Mumbai;Bengaluru;Hyderabad;Pune","urban","Vegetarian","3-6L;>6L","Western (Global)","Dairy"
"Banana milkshake with ice cream (Kele ka milkshake ice cream ke saath)","All Indian States and UTs","both","Vegetarian","3-6L;>6L","Western (Global)","Dairy"
"Flavoured milkshake","All Indian States and UTs","urban","Vegetarian","3-6L;>6L","Western (Global)","Dairy"
"Jal jeera","All Indian States and UTs","both","Vegetarian","1-3L;3-6L","North Indian",""
"Gingo","Delhi;Mumbai;Pune;Hyderabad;Bengaluru","urban","Vegetarian","3-6L;>6L","Western (Global)",""
"Mintade","Delhi;Mumbai;Hyderabad;Kolkata;Bengaluru","urban","Vegetarian","3-6L;>6L","Western (Global)",""
"Canjee","Kerala;Tamil Nadu;Karnataka;Andhra Pradesh;Odisha","both","Vegetarian","1-3L;3-6L","South Indian",""
"Cauliflower canjee (Phoolgobhi ki canjee)","Kerala;Tamil Nadu;Karnataka;Andhra Pradesh;Goa","both","Vegetarian","1-3L;3-6L","South Indian",""
"Potato canjee (Aloo canjee)","Kerala;Tamil Nadu;Karnataka;Andhra Pradesh;Goa","both","Vegetarian","1-3L;3-6L","South Indian",""
"Vermicelli porridge (Semiya/Seviyan porridge)","All Indian States and UTs","both","Vegetarian","1-3L;3-6L","Western (Global)","Gluten/Wheat"
"Semolina upma (Suji/Rava upma)","Tamil Nadu;Karnataka;Kerala;Andhra Pradesh;Telangana","both","Vegetarian","1-3L;3-6L","South Indian","Gluten/Wheat"
"Vermicelli upma (Semiya/Seviyan upma)","Tamil Nadu;Karnataka;Andhra Pradesh;Telangana;Kerala","both","Vegetarian","1-3L;3-6L","South Indian","Gluten/Wheat"
"Rice upma","Tamil Nadu;Karnataka;Andhra Pradesh;Kerala;Telangana","both","Vegetarian","1-3L;3-6L","South Indian",""
"Bread upma","Tamil Nadu;Karnataka;Andhra Pradesh;Telangana;Kerala","both","Vegetarian","1-3L;3-6L","South Indian","Gluten/Wheat"
"Vegetable upma","Tamil Nadu;Karnataka;Andhra Pradesh;Telangana;Kerala","both","Vegetarian","1-3L;3-6L","South Indian",""
"Poha","Maharashtra;Madhya Pradesh;Gujarat;Chhattisgarh;Odisha","both","Vegetarian","<1L;1-3L;3-6L","North Indian",""
"Vegetable poha","Maharashtra;Madhya Pradesh;Gujarat;Chhattisgarh;Odisha","both","Vegetarian","1-3L;3-6L","North Indian",""
"Moong dal stuffed cheela/chilla (Moong dal ka cheela/chilla)","Uttar Pradesh;Delhi;Haryana;Rajasthan;Madhya Pradesh","both","Vegetarian","1-3L;3-6L","North Indian",""
"Paneer stuffed cheela/chilla","Punjab;Delhi;Haryana;Uttar Pradesh;Rajasthan","both","Vegetarian","3-6L","North Indian","Dairy"
"Indian style egg bhujia (Anda bhujia (Indian style))","All Indian States and UTs","both","Eggitarian","1-3L;3-6L","North Indian","Egg"
"French omelette/omlet","Delhi;Mumbai;Bengaluru;Hyderabad;Pune","urban","Eggitarian","3-6L;>6L","Western (Global)","Egg"
"Puffy omelette/omlet","Delhi;Mumbai;Kolkata;Hyderabad;Pune","urban","Eggitarian","3-6L;>6L","Western (Global)","Egg"
"Orange omelette/omlet","Delhi;Mumbai;Hyderabad;Pune;Goa","urban","Eggitarian","3-6L;>6L","Western (Global)","Egg"
"Cheese and mushroom omelette/omlet","Delhi;Mumbai;Hyderabad;Pune;Bengaluru","urban","Eggitarian","3-6L;>6L","Western (Global)","Dairy, Egg"
"Spanish omelette/omlet","Delhi;Mumbai;Hyderabad;Pune;Kolkata","urban","Eggitarian","3-6L;>6L","Western (Global)","Egg"
"Mixed stock","Delhi;Mumbai;Hyderabad;Kolkata;Chennai","urban","Non-Vegetarian","3-6L;>6L","Western (Global)",""
"Meat stock","Delhi;Mumbai;Hyderabad;Kolkata;Chennai","urban","Non-Vegetarian","3-6L;>6L","Western (Global)",""
"White stock","Delhi;Mumbai;Hyderabad;Kolkata;Chennai","urban","Non-Vegetarian","3-6L;>6L","Western (Global)",""
"Meat consomme (with mutton)","Delhi;Mumbai;Hyderabad;Kolkata;Chennai","urban","Non-Vegetarian","3-6L;>6L","Western (Global)",""
"Consomme au julienne","Delhi;Mumbai;Pune;Hyderabad;Kolkata","urban","Vegetarian","3-6L;>6L","Western (Global)",""
"Consomme au vermicelli","Delhi;Mumbai;Hyderabad;Pune;Kolkata","urban","Vegetarian","3-6L;>6L","Western (Global)","Gluten/Wheat"
"Green pea soup (Matar ka soup)","All Indian States and UTs","both","Vegetarian","1-3L;3-6L","Western (Global)",""
"Spinach soup (Palak ka soup)","All Indian States and UTs","both","Vegetarian","1-3L;3-6L","Western (Global)",""
"Mixed vegetable soup","All Indian States and UTs","both","Vegetarian","1-3L;3-6L","Western (Global)",""
"Cheese soup","Delhi;Mumbai;Hyderabad;Kolkata;Pune","urban","Vegetarian","3-6L;>6L","Western (Global)","Dairy"
"Mulligatawny soup","Tamil Nadu;Karnataka;Kerala;Andhra Pradesh;Delhi","both","Vegetarian","3-6L;>6L","Western (Global)",""
"Cream of carrot soup","Delhi;Mumbai;Hyderabad;Kolkata;Bengaluru","urban","Vegetarian","3-6L;>6L","Western (Global)","Dairy"
"Cream of broccoli soup","Delhi;Mumbai;Hyderabad;Pune;Kolkata","urban","Vegetarian","3-6L;>6L","Western (Global)","Dairy"
"Cream of potato soup","Delhi;Mumbai;Hyderabad;Kolkata;Pune","urban","Vegetarian","3-6L;>6L","Western (Global)","Dairy"
"Almond soup (Badam ka soup)","Delhi;Mumbai;Hyderabad;Kolkata;Pune","urban","Vegetarian","3-6L;>6L","Western (Global)",""
"Cold cucumber cream soup","Delhi;Mumbai;Bengaluru;Pune;Hyderabad","urban","Vegetarian","3-6L;>6L","Western (Global)","Dairy"
"Cold tomato soup","Delhi;Mumbai;Bengaluru;Hyderabad;Kolkata","urban","Vegetarian","3-6L;>6L","Western (Global)",""
"Chicken stew","Kerala;Tamil Nadu;Goa;Karnataka;Delhi","both","Non-Vegetarian","3-6L;>6L","Western (Global)",""
"Veg paneer stew","Delhi;Mumbai;Kolkata;Hyderabad;Pune","urban","Vegetarian","3-6L;>6L","North Indian","Dairy"
"Onion-green chilli parantha/paratha (Pyaaz aur hari mirch ka parantha/paratha)","Punjab;Haryana;Delhi;Uttar Pradesh;Rajasthan","both","Vegetarian","1-3L;3-6L","North Indian","Gluten/Wheat"
"Methi parantha/paratha","Punjab;Haryana;Delhi;Uttar Pradesh;Rajasthan","both","Vegetarian","1-3L;3-6L","North Indian","Gluten/Wheat"
"Bathua poori","Uttar Pradesh;Bihar;Haryana;Delhi;Rajasthan","both","Vegetarian","1-3L;3-6L","North Indian","Gluten/Wheat"
"Gram flour poori (Besan poori)","Rajasthan;Madhya Pradesh;Uttar Pradesh;Haryana;Delhi","both","Vegetarian","1-3L;3-6L","Western (Global)","Gluten/Wheat"
"Beetroot poori (Chukandar ki poori)","Punjab;Haryana;Delhi;Uttar Pradesh;Rajasthan","both","Vegetarian","1-3L;3-6L","Western (Global)","Gluten/Wheat"
"Peas poori (Matar ki poori)","Punjab;Haryana;Delhi;Uttar Pradesh;Rajasthan","both","Vegetarian","1-3L;3-6L","Western (Global)","Gluten/Wheat"
"Peas kachori (Matar kachori)","Uttar Pradesh;Rajasthan;Delhi;Madhya Pradesh;Bihar","both","Vegetarian","1-3L;3-6L","North Indian",""
"Pizza","All Indian States and UTs","urban","Vegetarian","3-6L;>6L","Western (Global)",""
"Bacon and mushroom pancake","Delhi;Mumbai;Goa;Hyderabad;Kolkata","urban","Non-Vegetarian","3-6L;>6L","Western (Global)","Gluten/Wheat"
"Cheese and tomato pancake","Delhi;Mumbai;Bengaluru;Hyderabad;Pune","urban","Vegetarian","3-6L;>6L","Western (Global)","Dairy, Gluten/Wheat"
"Minced meat pancake (with chicken)","Delhi;Mumbai;Hyderabad;Kolkata;Pune","urban","Non-Vegetarian","3-6L;>6L","Western (Global)","Gluten/Wheat"
"Eggplant/Brinjal rice (Vangi bhat)","Maharashtra;Karnataka;Andhra Pradesh;Tamil Nadu;Telangana","both","Vegetarian","1-3L;3-6L","Western (Global)","Egg"
"Kashmiri 'tahar'","Jammu and Kashmir;Ladakh","both","Vegetarian","3-6L","Western (Global)",""
"Cumin pulao (Jeera/Zeera pulao)","All Indian States and UTs","both","Vegetarian","1-3L;3-6L","North Indian",""
"Peas pulao (Matar pulao)","Punjab;Haryana;Delhi;Uttar Pradesh;Rajasthan","both","Vegetarian","1-3L;3-6L","North Indian",""
"Split bengal gram dal and vegetable pulao (Channa dal and vegetable pulao)","Rajasthan;Madhya Pradesh;Gujarat;Delhi;Haryana","both","Vegetarian","1-3L;3-6L","North Indian",""
"Black channa pulao/ Bengal gram pulao (Kale chane ka pulao)","Punjab;Haryana;Delhi;Rajasthan;Uttar Pradesh","both","Vegetarian","1-3L;3-6L","North Indian",""
"Mutton pulao","Hyderabad;Lucknow;Delhi;Kolkata;Bhopal","both","Non-Vegetarian","3-6L;>6L","North Indian",""
"Chicken pulao","Hyderabad;Lucknow;Delhi;Kolkata;Bhopal","both","Non-Vegetarian","3-6L;>6L","North Indian",""
"Mexican rice","Delhi;Mumbai;Bengaluru;Hyderabad;Pune","urban","Vegetarian","3-6L;>6L","Western (Global)",""
"Plain khitchdi (Plain khichri/khichdi)","All Indian States and UTs","both","Vegetarian","<1L;1-3L;3-6L","Western (Global)",""
"Instant idli (with semolina)","Tamil Nadu;Karnataka;Andhra Pradesh;Kerala;Telangana","both","Vegetarian","1-3L;3-6L","South Indian","Gluten/Wheat"
"Plain dosa","All Indian States and UTs","both","Vegetarian","1-3L;3-6L","South Indian",""
"Masala dosa mixed vegetable fillings","Tamil Nadu;Karnataka;Andhra Pradesh;Kerala;Telangana","both","Vegetarian","1-3L;3-6L","South Indian",""
"Masala dosa paneer fillings","Tamil Nadu;Karnataka;Andhra Pradesh;Kerala;Telangana","urban","Vegetarian","3-6L","South Indian","Dairy"
"Uttapam","All Indian States and UTs","both","Vegetarian","1-3L;3-6L","Western (Global)",""
"Appam","Kerala;Tamil Nadu;Karnataka;Andhra Pradesh;Goa","both","Vegetarian","1-3L;3-6L","South Indian",""
"Beans and macaroni","Delhi;Mumbai;Bengaluru;Hyderabad;Pune","urban","Vegetarian","3-6L;>6L","Western (Global)",""
"Spaghetti bolognese","Delhi;Mumbai;Bengaluru;Hyderabad;Kolkata","urban","Non-Vegetarian","3-6L;>6L","Western (Global)",""
"Meat and macaroni casserole","Delhi;Mumbai;Hyderabad;Pune;Kolkata","urban","Non-Vegetarian","3-6L;>6L","Western (Global)",""
"Spaghetti with meat balls and tomato sauce","Delhi;Mumbai;Hyderabad;Kolkata;Goa","urban","Non-Vegetarian","3-6L;>6L","Western (Global)",""
"Spaghetti with paneer balls and tomato sauce","Delhi;Mumbai;Pune;Hyderabad;Kolkata","urban","Vegetarian","3-6L;>6L","North Indian","Dairy"
"Lasagne with meat sauce","Delhi;Mumbai;Hyderabad;Kolkata;Goa","urban","Non-Vegetarian","3-6L;>6L","Western (Global)",""
